url,title,location
,Psychonauta Foundation,Nauta Loreto Peru
,Villa Maria Johanna,Vinkeveen Utrecht Netherlands
,Sivananda Ashram Yoga Retreat Bahamas,New Providence The Bahamas
,Pachamama Temple,Pucallpa Ucayali Peru
,"Bluestone Ayahuasca Retreats, Mexico",Cancún Quintana Roo Mexico
,Spirit Plant Journeys Ayahuasca Retreats,Calca Peru
,Shamanic Vida,Cusco Cusco Peru
,Sinchi Runa,Tarapoto San Martin Peru
,St. Placid Priory and The Priory Spirituality Center,Lacey Washington
,Nimea Kaya Healing Center,Pucallpa Ucayali Peru
,The Sentinel,Kaslo British Columbia
,Gaia Tree Center,Iquitos Loreto Peru
,Casa Del Sol – Private San Pedro & Ayahuasca Retreat in Ecuador,Loja Ecuador
,Soul Quest Ayahuasca Church #1 Ranked Ayahuasca Retreats in USA,Orlando Florida
,Paititi Institute,Peru
,Kawsay Ayahuasca Retreat E.I.R.L.,Iquitos Loreto Peru
,TAITA INTI ORGANISATION,Stockholm Stockholm County Sweden
,The Otorongo Center,Iquitos Loreto Peru
,Awaken Your Soul Iboga Retreat,Cambronero Provincia de Alajuela Costa Rica
,Krishna Village Eco Yoga Community,Eungella New South Wales Australia
,Maha Vidya Yoga and Ayurveda,Maine United States
,InwardBound,Castricum North Holland Netherlands
,Somah Journeys with The School of Sacred Arts,Bali Indonesia
,APL SHAMANIC JOURNEYS PORTUGAL,Lisbon Lisbon Portugal
,Nihue Rao Centro Espiritual,Llanchama Loreto Peru
,Tara Mandala,Pagosa Springs Colorado
,,
,New Life Ayahuasca,San Ramon Alajuela Province Costa Rica
,Visiones Asociación,Andalusia Spain
,"The Garden of Peace, Ayahuasca & Master Plant Center",Tarapoto San Martin Peru
,Osage Forest of Peace,Sand Springs Oklahoma
,SwellWomen,Hawaii United States
,Ayahuasca Costa Rica,San Isidro de El General San José Province Costa Rica
,Muaisa Hale Pule,Hawaii United States
,Respiremos,Mexico
,Sedona Wellness,Arizona United States
,Pisatahua,Riberalta Beni Department Bolivia
,Bare Feet Retreats,Guanacaste Province Costa Rica
,Dharmagiri Sacred Mountain Retreat,Underberg KwaZulu-Natal South Africa
,Rainforest Healing Center,Iquitos Loreto Peru
,Santuario Healing Amazonian Plant Medicine Center,Pucallpa Ucayali Peru
,One Yoga,Surat Thani Thailand
,"Nileshwar Shaktipat Meditation, Wellness & Spiritual Retreat Center",Youngstown Ohio
,Rancho Mastatal,Mastatal Puriscal Costa Rica
,Lotus Vine Journeys,Tarapoto Peru
,Soma Essential Healing & Wellness Center,Boardman Ohio
,Amoraleza,Órgiva Andalusia Spain
,Balanced Rock Foundation,Yosemite Valley California
,"Wizard's Mountain Jungle Lodge, Sacha Runa Community Rurrenabaque, Beni, Bolivia",Rurrenabaque Beni Department Bolivia
,Soul Adventures,San Juan Bautista Illes Balears Spain
,Bearfoot Breaks,Neuvic-Entier Nouvelle-Aquitaine France
,Amaruanka Healing Center,Urubamba Cusco Peru
,Ama Tierra Retreat and Wellness Center,San Pablo San José Costa Rica
,Casa Chama Trina,State of Bahia Brazil
,Bambu Guest House,Tzununa Sololá Guatemala
,Sharanam Retreats,Cala Figuera Balearic Islands Spain
,Yogaville - Satchidananda Ashram,Buckingham Virginia
,Menla Retreat & Spa,Phoenicia New York
,Mahakala Center,Buljarica Budva Municipality Montenegro
,Om-Mij,Doetinchem Gelderland Netherlands
,Rishikesh School of Yoga and Naturopathy,Rishikesh Uttarakhand India
,"Sivananda Yoga Resort and Training Center in Da Lat, Vietnam",Thành phố Đà Lạt Lâm Đồng Vietnam
,Ampiri Hot Springs,Honoria Huanuco Peru
,MoaAlm Mountain retreat,Burg Tirol Austria
,Rome's Wellness Waynroots,Nadavayal Kerala India
,,
,International Art Of Living Center,Saint-Mathieu-du-Parc Québec
,Amrit Yoga Institute,Salt Springs Florida
,futurehippie,Chang Wat Surat Thani Thailand
,Bodhi Khaya Retreat,Western Cape South Africa
,Aya Madre Healing Center,Iquitos Loreto Peru
,Outer Travels Inner Journeys,Urubamba Cusco Peru
,Ayahuasca healing center-Colombia,Tena Cundinamarca Colombia
,Seven Chakras Retreat Centre,El Campello Comunidad Valenciana Spain
,Sivananda Ashram Yoga Farm,Grass Valley California
,Yoga Sutra Shala Retreat,Benissivà Comunidad Valenciana Spain
,Ayawakening - Rituals & Retreats in Brazil,São Paulo Brazil
,Inner-Journey Amsterdam,Amsterdam Noord-Holland Netherlands
,Yoga Sailing Holiday,Nicosia Cyprus
,The Esalen Institute,Big Sur California
,Katari Center,Tarapoto San Martin Peru
,Senso di Cattaro Yoga Wellness Retreat,Dobrota Kotor Municipality Montenegro
,EL MUNDO MAGICO,Iquitos Loreto Peru
,Nuna Ayni,Pisac Cusco Peru
,Cairns Farm,Newberg Oregon
,TwoCan Retreats,Costa Rica
,Live Healthy Retreats,Carefree Arizona
,A Personal Tao Retreat,Hilo Hawaii
,International Yoga,California United States
,Casa De La Madre Ayahuasca Healing Center,Pucallpa Ucayali Peru
,Bella Retreats,
,Dominical Waverider - Costa Rica Surf Camp,Savegre Puntarenas Province Costa Rica
,Rao Nete - World of Medicine,Pahoyan Loreto Peru
,Saptrashmi Yog,Dharamshala Himachal Pradesh India
,MOTHER'S HOUSE,Limburg Netherlands
,Om.Ma.Ya.Om Center,Krong Saen Monourom Mondulkiri Province Cambodia
,Dunagiri Retreat Center,India
,Anahata Retreat Center Goa,Goa India
,,
,Sicilian Spirit - Sicily Yoga Retreat Center,San Giovanni Sicilia Italy
,Ananda Tantra & Yoga Retreats,Greece
,The Yoga Bubble,Spain
,Om Ma Ya Om Center,Coja Coimbra District Portugal
,Madre Tierra Retreat Center & Spa,Vilcabamba Loja Ecuador
,El Sabanero Eco Lodge,Tamarindo Guanacaste Province Costa Rica
,Mindful Adventure,Utrecht Utrecht Netherlands
,NINA WASI,Olon Provincia de Santa Elena Ecuador
,Eden on the Chocolata,San Juan del Sur Rivas Nicaragua
,Hridaya Yoga France,Chambost-Allières Auvergne-Rhône-Alpes France
,Truffles Therapy,Amsterdam Noord-Holland Netherlands
,Acsauhaya,Amsterdam North Holland Netherlands
,The Ayahuasca Foundation,Iquitos Loreto Peru
,Centro Ojo de Luna,Ucayali Peru
,The Hideout - Koh Yao Noi,ตำบล เกาะยาวน้อย พังงา Thailand
,"Sacha Runa Allkamari Retreat Center, Boutique Eco-Resort & Spa",La Paz La Paz Department Bolivia
,Satsangam Centre of Art and Culture,Kottukal Kerala India
,The Center at Ananda Laurelwood,Gaston Oregon
,Nature-cure Fruitarian Raw Vegan Wellness and Yoga Retreat,Salem Tamil Nadu India
,Ashram De Yoga Sivananda,Neuville-aux-Bois Centre-Val de Loire France
,Gaia Retreat House,Hessisch Lichtenau Hessen Germany
,Integrations Sacred Medicine Retreats,Ajijic Jalisco Mexico
,"Molinum, a Soulful Country House",Boliqueime Faro Portugal
,Mundo Gente Medicina,Costa Rica
,Malayka Retreat Center,Provincia de Guanacaste Costa Rica
,Avalon,Pont de Molins Catalonia Spain
,"Brave Heart Workshop at Stonebridge Resort in Branson West, MO; FEBRUARY 8-10, 2019",Missouri United States
,Feathered Pipe Ranch,Helena Montana
,Joyos Surf Camp G-land,East Java Indonesia
,Yogadventures,
,,
,VisionQuest with Rick,Bali Indonesia
,Health Reframed Yoga Retreat and Holistic Therapies,Xaghra Malta
,Durga's Tiger School for Tantra Yoga Shamanism,Pichincha Ecuador
,"Brave Heart Workshop Mansion in the Woods at Big East Fork in Franklin, TN July 19-21, 2019",Franklin Tennessee
,YIS Yoga in Salento,Apulia Italy
,Nada Brahma Healing Center,Alajuela Alajuela Province Costa Rica
,Upaya Yoga Center,Pernem Goa India
,UNI RAO Centro Ecologico,Ucayali Peru
,Luna Alignment Yoga,Ko Pha-ngan Surat Thani Thailand
,La Casa Shambala,Surat Thani Surat Thani Thailand
,Shambhavi Yoga Peeth,Bhaktapur Central Development Region Nepal
,Kula Collective,Maryville Tennessee
,Sri Yoga Ashram,Rishikesh Uttarakhand India
,Illuminarao Plant Journey,Putumayo Colombia
,"SolHenge in Aquitaine, France",Saint-Vivien-de-Monségur Nouvelle-Aquitaine France
,maoMeno,West Nusa Tenggara Indonesia
,Quinta da Tartaruga,Guarda District Portugal
,Inanna Sanctuary,San Gerardo de Rivas San José Province Costa Rica
,Dovecot Farm,Loxahatchee Florida
,Inner Circle Wellness + Private Holistic Healing Retreats,Santa Fe New Mexico
,Vacation Counseling,Cape Coral Florida
,Easton Mountain,Greenwich New York
,Offshore Surf Morocco,Tamraght Souss-Massa Morocco
,Yoga Nisarga,Mandrem Goa India
,Drishti Journeys,Seattle Washington
,Matrika Yoga Retreats,Chapinería Comunidad de Madrid Spain
,Basundari yoga meditation retreat centre.,Bali Indonesia
,Transition Retreat Croatia,Diklići Istarska županija Croatia
,West End Therapies,Brisbane Queensland Australia
,Kootenay Shambhala Meditation Centre,Nelson British Columbia
,Revive Temple Bled,Bled Radovljica Slovenia
,Inner-Journey near Amsterdam,Amsterdam North Holland Netherlands
,Le Freyche Retreat Centre,Nescus Occitanie France
,Kasbah Agoulzi,Kelâat M'Gouna Drâa-Tafilalet Morocco
,YOUniverse Revival,Bali Indonesia
,Oceandream Yoga Retreats,Palma Balearic Islands Spain
,Downward Dog Yoga Centre,Provincia de Guanacaste Costa Rica
,La Buena Vibra Yoga and Mindfulness School,Tepoztlán Morelos Mexico
,The Sapphire Retreat,Morzine Auvergne-Rhône-Alpes France
,Centro Espiritual Noya Rao,Pucallpa Peru
,,
,Yogada Ashram,Rishikesh Uttarakhand India
,Valley of Dreams Specialized Retreats,Platanillo San José Province Costa Rica
,Island Smiles Homestay Cham Island,Thành phố Hội An Quảng Nam Vietnam
,Luz Eterna Retreats,Oaxaca Oaxaca Mexico
,Marina Yoga,Ao Nang Krabi Thailand
,mauSOULeum,Bothell Washington
,"Brave Heart Workshop Serendipity Beach Retreat; Salisbury, MA/ April 5-7, 2019",Salisbury Massachusetts
,LaBudhi Meditation,Surat Thani Thailand
,Van Dam outdoor,Andalucía Spain
,Mind Body Soul - Surf Bali,Bali Indonesia
,Sounds of Light Mystery School of Sound Healing,Guatemala
,Inner-Journey Germany,Germany
,Earth Yoga Village,Goa India
,Inner Yoga Training,Bali Indonesia
,Soul Art Retreats,Balearic Islands Spain
,Loon Call Retreat,Perth Ontario
,Umbrella Healing Centre,Pokhara Western Development Region Nepal
,Hameau de l'Etoile,Saint-Martin-de-Londres Occitanie France
,YogaCommunity Nosara,"Nosara, Guanacaste Costa Rica"
,The Haven,Gabriola British Columbia
,Spiritual Life Retreat Center,Rishikesh Uttarakhand India
,Okreblue Seaside Yoga Retreat Center,Greece
,Wellnessland Health Institute- Wellnessland Wholeness Center,Cebu City Central Visayas Philippines
,Planet Dharma,Canada
,The Yoga Forest,San Marcos La Laguna Sololá Department Guatemala
,,
,One Human Retreats,Laren North Holland Netherlands
,Rishikesh Yog Van,Rishikesh Uttarakhand India
,Rishikesh Yogkulam,Rishikesh Uttarakhand India
,Kranti Yoga,Canacona Goa India
,Island Sisters Weligama in collaboration with Seasoul Collective,Weligama Sri Lanka
,Shakti yoga Koh Phangan,Sri Thanu สุราษฎร์ธานี Thailand
,"Body, Mind and Soul Retreats",Cartajima Andalucía Spain
,Pelan Pelan Bali,Bali Indonesia
,Surf Gwada,Bouillante Basse-Terre Guadeloupe
,Sedona Sunlight River Crossing,Cornville Arizona
,Casa de Colores Retreats,Canary Islands Spain
,Meditation Retreat Peru,Puno Peru
,Inner Refresh Ibiza Retreats,Balearic Islands Spain
,SemperEquus,Éauze Occitanie France
,Saraii Village eco-hotel,Wirawila Sri Lanka
,The Wild Love,Tulbagh South Africa
,Tantraya,Pisac Cusco Peru
,Alma Tranquila Holistic Wellness,Sámara Provincia de Guanacaste Costa Rica
,Santhika Dream Hill Retreat Center,Bali Indonesia
,Pasourcu: Napusamai Ayahuasca Lodge,Tena Provincia De Napo Ecuador
,Yoga Academy International,Costa Rica
,Terra Brasilis Retreats ( Brazil),State of São Paulo Brazil
,Casa de Pawua,Rurrenabaque Beni Department Bolivia
,Beija Flor Gathering,Patrimônio da Penha Espírito Santo Brazil
,Vista Hermosa Estate - Costa Rica,Quepos Puntarenas Province Costa Rica
,CHAKAPITA: Sacred Spiritual Journeys in the South of Ecuador,Vilcabamba Loja Ecuador
,Dream Jungle Lodge,Iquitos Loreto Peru
,Training Paradise,Tambon Rawai Chang Wat Phuket Thailand
,Rythmia Life Advancement Center,Provincia de Guanacaste Costa Rica
,Sembrando Semillas Con Yoga,Pisac Cusco Peru
,Soma Palm Shore,Kovalam Kerala India
,,
,Centro Iyengar Yoga Florianopolis,State of Santa Catarina Brazil
,Vista Guapa Eco Lodge and Surf Camp,Jaco Puntarenas Province Costa Rica
,La Vida Surf,Taghazout Souss-Massa Morocco
,Rukhsana's Wellness & Heavenly Retreat,San José del Cabo Baja California Sur Mexico
,Indigo Nature Centre,Virserum Kalmar län Sweden
,Rainforest House,Rishikesh Uttarakhand India
,Oodles Retreat,Benissa Comunidad Valenciana Spain
,Makrobia,Vishovgrad Veliko Tarnovo Province Bulgaria
,Mind & Body Complete,California United States
,Einai Retreat,Ugliano Marche Italy
,Masters of Calm. Life changing adventure,Utena County Lithuania
,Balanced View Center Sweden,Vittsjö Skåne län Sweden
,Konsensus LC&D,Colmenar Andalucía Spain
,Tierravida Benxote,Ucayali Peru
,Croco House Beach Villa,Eastern Province Sri Lanka
,Yogacruising,Bodrum Muğla Province Turkey
,Zen Spirit Yoga Resort,"San Fransisco de Coyote, Bejuco, Nandayuré Provincia de Guanacaste Costa Rica"
,Psychotherapy & Yoga Retreat,Legzira Guelmim-Oued Noun Morocco
,Clear Sky Center,Fort Steele British Columbia
,Casa de la Vida,Tepoztlán Morelos Mexico
,Vita Vie Retreat,Delray Beach Florida
,YogaDownload,Chianacce Italy
,4elements retreat,Silveira Lisboa Portugal
,Eden Estate-Find Bliss Within,Ubud Bali Indonesia
,TOSA Blue Mountain Sanctuary,Paute Azuay Ecuador
,Kadathanadan Kalari Sangam,Mananthavady Kerala India
,Villa Sumaya,Sololá Department Guatemala
,Nirvana Healing Center,Arequipa Arequipa Peru
,Ashtak Yoga,Mandrem Goa India
,Villa Magda,Marina di Ragusa Sicily Italy
,The Willow Retreat,Killeeneen County Galway Ireland
,Villa Eva,Karlovasi Greece
,Om Shanti Om Yoga School,Rishikesh Uttarakhand India
,Bondalem Beach Club,Bali Indonesia
,Mirage Surf Morocco,Tamraght Souss-Massa Morocco
,Ocean Forest Ecolodge Retreat (aka Guaria de Osa),Provincia de Puntarenas Costa Rica
,Omandala Vietnam,Ho Chi Minh City Ho Chi Minh City Vietnam
,FIT Life Creation,Atlanta Georgia
,Venture Within,Austin Texas
,Mahi Yoga & Holistic Training House Dharamshala,Alghero Sardinia Italy
,Casa Firefly,Troncones Guerrero Mexico
,Julie T Lee Shamanic Healing,Mexico
,Anahata Yoga Retreat,Takaka Tasman New Zealand
,The Yog Yatra: A luxury wellness retreat & Journey of India,Rishikesh Uttarakhand India
,Pranasanti Yoga,Bali Indonesia
,Woodbine Equestrian Center,Raleigh North Carolina
,Skippin' Pebble,Veli Lošinj Primorsko-goranska županija Croatia
,The Yogarden Samui,Koh Samui Thailand
,El Pital Chocolate Paradise,Rivas Nicaragua
,Dancer's Ways,Barcelona Catalonia Spain
,,
,LoveOnlyOne.Yoga,Bali Indonesia
,Ayahuasca an Huachuma Retreats in Iquitos and Chavin de Huantar- Dawn of Eden,Iquitos Loreto Peru
,Himalayan Yoga Meditation Transition (HYMT),India
,Hummingbird Retreat Peru,Pisac Cusco Peru
,Hardik Mehta Yoga,Mumbai Maharashtra India
,Yog Amritam Rishikesh : Yoga Teacher Training in Rishikesh,Rishikesh Uttarakhand India
,NuArc Plant based space,Apulia Italy
,Momentum Phangan,Surat Thani Thailand
,Casa Calm,Myakka City Florida
,Sante Yoga,France
,tranquilo beach house,Woolgoolga New South Wales Australia
,Hawaii Naturopathic Retreat Center,Captain Cook Hawaii
,Aloha Ke Akua - Yoga Retreat in Fuerteventura,Lajares Canarias Spain
,The Dragonfly Ranch - Healing Arts Center,Captain Cook Hawaii
,The Chosen Place,Canandaigua New York
,La Familia Ayahuasca (Ayahuasca Family),San Marcos La Laguna Sololá Department Guatemala
,Om Yoga Ashram,Dharamshala Himachal Pradesh India
,Madhuvan Ashram,Provincia de Guanacaste Costa Rica
,Yoga Simple and Sacred,Albuquerque New Mexico
,Hummingbird Healing Center,Iquitos Loreto Peru
,Yugaadhi Yoga School,Rishikesh Uttarakhand India
,Lupuna Ayahuasca Retreat,Iquitos Loreto Peru
,Hestia Retreat Center Near Mount Shasta,Weed California
,,
,A Whole New High,Venlo Limburg Netherlands
,Holistic Training House & Mahi Yoga Alghero,Alghero Sardinia Italy
,Tulum Spiritual Retreats,Tulum Quintana Roo Mexico
,The Fasting Farm,Albemarle North Carolina
,Chiara Center,Springfield Illinois
,Absolute Sanctuary Wellness Fitness Resort Koh Samui,Thailand
,MycoMeditations Psilocybin-Assisted Retreats,Treasure Beach St. Elizabeth Parish Jamaica
,MUKOTIA WELLNESS,Pangoot Uttarakhand India
,Cascada Elysiana,San Juan de Dios San José Costa Rica
,Begnas Yoga & Retreat,Pokhara Western Development Region Nepal
,Adishakti Yogashala,Varkala Kerala India
,CO Project,Unhais da Serra Castelo Branco District Portugal
,Kunwar Yoga,Dehradun Uttarakhand India
,Harmony Dawn Retreat Centre,Ontario Canada
,Hari OM Yoga and Wellness,Tamarindo Guanacaste Province Costa Rica
,OMKARYOG PEETHA,Udupi Karnataka India
,Naturalia Retreat Center,Iquitos Loreto Peru
,Mizata Point Resort,Teotepeque El Salvador
,Belove Yoga Rooftop Studio by CC's Hideaway,Phuket Thailand
,Kombat Group Thailand,Muang Pattaya Chang Wat Chon Buri Thailand
,Istmo Yoga & Adventure Retreat Center,San Carlos Panama
,Shakti Yogapeeth,Rishikesh Uttarakhand India
,Himalayan Yoga Institute,United Kingdom
,Sat Manav Yoga Ashram,Industry Maine
,"Diamante Valley Solution Center, Costa Rica",Costa Rica
,Convento Arcádia,Atins Maranhão Brazil
,Serenity Eco Guesthouse & Yoga,Bali Indonesia
,,
,Can Julià,Barcelona Catalonia Spain
,Ayni Retreat Center,Cuenca Azuay Ecuador
,Vishuddhi Alaya,Central Development Region Nepal
,Koinonia Farm,Americus Georgia
,The Sacred Valley Healing Center- Mount Shasta,Mount Shasta California
,Flores Joyful Retreat,East Nusa Tenggara Indonesia
,"Wang Xi'an Tai Chi Retreat Center - Pavones, Costa Rica",Pavones Puntarenas Province Costa Rica
,Sunrise Ranch Conference and Retreat Center,Loveland Colorado
,GuruRamDas Yoga School,Cape Town Western Cape South Africa
,Svarga Loka Wellness Resort,Bali Indonesia
,Hawaii Island Retreat Center,Kapaau Hawaii
,RONIN SINA,Pucallpa Ucayali Peru
,"RELAX, REJUVENETE, EXPLORE 8 DAYS TUSCANY YOGA & MEDITATION RETREAT",Pascoso Tuscany Italy
,TRIM Retreats,Livadia Greece
,Semente Da Vida,Marvão Portalegre Portugal
,Santikara Yoga,ตำบล บ้านใต้ สุราษฎร์ธานี Thailand
,Omkarananda,Rishikesh Uttarakhand India
,Kindred Spirits Wellness,Limón Costa Rica
,Kranti Yoga School,Canacona Goa India
,Oorjayii Yoga,Dharamshala Himachal Pradesh India
,MUKOTIA WELLNESS,Pangoot Uttarakhand India
,Podere Isabella,Monticchiello Toscana Italy
,Inner-Journey Nijmegen,Nijmegen Gelderland Netherlands
,Sacred Space Studios,London England United Kingdom
,Living Forest Lake Arenal Retreat Center,Tierras Morenas Provincia de Guanacaste Costa Rica
,Alchemy Spaces,Lazio Italy
,Chernaki surf experience,Iraq
,Ubud Weight Loss Retreat Centre,Ubud Bali Indonesia
,Fit Life Reset: Bali,Bali Indonesia
,Origen Tulum,Tulum Quintana Roo Mexico
,Ayatana Wellness Spa,Chennai Tamil Nadu India
,The Great Vibe Tribe Retreats,San Diego California
,Ananda Curacao,Willemstad Curaçao
,Mahi Yoga & Holistic Trainig House Goa,Arambol Goa India
,Trimurti,Cogolin Provence-Alpes-Côte d'Azur France
,Yacumaman Sanctuary of Integral Shamanism,Tarapoto San Martin Peru
,Yoga in Ciociaria,Lazio Italy
,Luna nel Pozzo,Ostuni Apulia Italy
,Ratna Ling Retreat Center,Cazadero California
,Sacred Garden Atitlan,Jaibalito Sololá Department Guatemala
,Lauvitel Lodge,Vénosc Auvergne-Rhône-Alpes France
,"Haritha Yogshala: Yoga Ayurveda Academy & Panchakarma Center Rishikesh, India",Rishikesh Uttarakhand India
,Berkshire Terminus,Atlanta Georgia
,Chakra Yogis,Dubai Dubai United Arab Emirates
,Oka Wasi,Tarapoto San Martin Peru
,Villa Llamedos,Pythagoreio Greece
,CORDILLERA ESCALERA ECOLODGE - Tarapoto,Tarapoto San Martin Peru
,Harmónia Tai Chi Retreat,Gyenesdiás Hungary
,,
,"Comrie, Perthsire, Scotland",Crieff United Kingdom
,ANEW LIFE WELLNESS,Llanwrda Wales United Kingdom
,Las Chullpas Eco-Lodge,Urubamba Cusco Peru
,Cactus Moon Retreat,Yucca Valley California
,INDIGO Nature Retreat,Asheville North Carolina
,Bingin Retreat,Bali Indonesia
,Mandali Retreat Center,Quarna Sopra Piemonte Italy
,Naramata Centre,Naramata British Columbia
,Maya Yoga House,Tuhelj Krapina-Zagorje County Croatia
,Soul Shine Bali,Salt Lake City Utah
,The French Retreat,Yviers Nouvelle-Aquitaine France
,Dao House Retreat,Estes Park Colorado
,One Heart Retreat Center,El Paso Texas
,Villa Saba 10,Bali Indonesia
,Rishikesh Yoga Association,Rishikesh Uttarakhand India
,Posada Natura,Quepos Provincia de Puntarenas Costa Rica
,Tambo del Caminante,Urubamba Cusco Peru
,Copal Tree Lodge,Punta Gorda Toledo District Belize
,salamba yoga,Pokhara Western Development Region Nepal
,Yash Yoga School Rishikesh,Rishikesh Uttarakhand India
,Yoga Within You,Bali Indonesia
,Villa Fortaleza Wellness,Panamá Panama
,Living The True Self Ltd,Sutton England United Kingdom
,Playa Negra Yoga - Costa Rica Wellness Retreat,Los Pargos Provincia de Guanacaste Costa Rica
,Shathayu Retreat,Bengaluru Karnataka India
,Dancing Spirit Ranch,Columbia Falls Montana
,Samvid Yoga and Retreats,Veli Iž Zadarska županija Croatia
,Casa Bela Vista,Coimbra District Portugal
,Vajrapani Institute for Wisdom Culture,Boulder Creek California
,Bliss Body Retreat,Ubud Bali Indonesia
,Synchronicity Foundation for Modern Spirituality International Retreat and Meditation Center,Faber Virginia
,Thea Life Changing Retreats,Puntarenas Province Costa Rica
,Chillasana Yoga Surf,Puerto Carrillo Guanacaste Province Costa Rica
,Hacienda Sac Chich & Casa Sisal,Mérida Yucatan Mexico
,Victoria Miller,Cusco Peru
,Yasodhara Ashram,Kootenay Bay British Columbia
,1400 Multiversity,Scotts Valley California
,Tapas Yoga India,Agonda Goa India
,AtmaVicara,Armenia
,Rawkin the Rockies and Beyond,Bragg Creek Alberta
,Granada Retreat Center,Andalusia Spain
,Rise Wellness Retreat,Treasure Beach St. Elizabeth Parish Jamaica
,Walker Wellness Retreats,Bluffdale Utah
,Tours for your Soul,Pisac Cusco Peru
,Kuwera Eco Lodge,Sri Lanka
,Amatara Wellness Resort,Vichit Phuket Thailand
,"7 Days Luxury Goddess Surf Yoga and Fitness Holiday for Women in Bali, Indonesia",Bali Indonesia
,,
,Mudra Retreats,Quintana Roo Mexico
,IYMS Rishikesh,Rishikesh Uttarakhand India
,LaVimea Biotique Hotel,Naturno Trentino-Alto Adige Italy
,Rishikesh Valley Resort,Rishikesh Uttarakhand India
,The Royal Purnama Art Suites & Villas,Indonesia
,Yoga in the Mountains,Nelson British Columbia
,"7 Days Luxury Goddess Surf and Yoga Holiday for Women in Bali, Indonesia",Bali Indonesia
,The Jasmine House,Portland England United Kingdom
,Purana Boutique Resort,Bali Indonesia
,Reviveolution,Cusco Peru
,Blue Karma Nestling Escape Ubud,Ubud Bali Indonesia
,Diamond Mountain Retreat Center,Bowie Arizona
,Silverfield Villa,Granada Andalusia Spain
,,
,ASH Ayahuasca Center - ASHA,Iquitos Loreto Peru
,Fleek Retreats,Veneto Italy
,VISIONARY HEARTS,Pisac Cusco Peru
,Dorje Denma Ling Shambhala Meditation Retreat Centre,Tatamagouche Nova Scotia
,Essencia Retreats,Bali Indonesia
,"Love & Celebration Retreat - in Khajuraho, Jabalpur & Amarkantak",Khajuraho Madhya Pradesh India
,Pure Flow Yoga,Surat Thani Thailand
,11:11Yogart,Rishikesh Uttarakhand India
,psychotravels,Antioquia Colombia
,Walnut Tree Farm - Eco Retreat Center in Portugal,Faro District Portugal
,Mahamukti Yoga School Goa,Rishikesh Uttarakhand India
,Thatch Caye Private Island,Belize
,Trout Creek Wilderness Lodge,Molalla Oregon
,Shaman Vegan Lodge,Cusco Cusco Peru
,Nefeli Nine Retreats,Athina Greece
,Mamma Shanti,Uva Province Sri Lanka
,Podere Fiorli,Volterra Tuscany Italy
,La Duna Centro Ecológico,La Paz Baja California Sur Mexico
,Abhinam Ashtanga Iyengar Yoga Center in Morjim Goa,Morjim Goa India
,SivaOm School Of Yoga,Athina Greece
,Quatro Anas,Valongo do Vouga Aveiro District Portugal
,sri ananthi nature cure and yoga ashram,Tiruchirappalli Tamil Nadu India
,Blue Karma Oasis Escape Seminyak,Bali Indonesia
,Foxhaven Wellness,United States
,Rio Surf'n'Stay,Rio de Janeiro State of Rio de Janeiro Brazil
,Being Sattvaa Resort,Ubud Bali Indonesia
,Ayahuasca Insights,Pucallpa Ucayali Peru
,Elijah's Harbor Christian Retreat,Greeneville Tennessee
,Yera Health Retreat,Rye Victoria Australia
,Locoji Transformative Gatherings,Honolulu Hawaii
,Skylonda Lodge,Woodside California
,The Hideout - Koh Yao Noi,Tambon Bang Man Chang Wat Sing Buri Thailand
,Heart of the Wild Wellness,Mansfield Texas
,Institute of Biosensory Psychology,Saint Petersburg Russia
,Holotropic Club,Poli Crysochous Paphos Cyprus
,Cerro Verde Retreats,Costa Rica
,Cloud Forest Retreats,Pichincha Ecuador
,Fawakay Villas,Marrakesh Marrakesh-Safi Morocco
,Lake Isle Retreats,Enniskillen Northern Ireland United Kingdom
,Digital Detox Destination,Ecuador
,,
,Carillon Miami Wellness Resort,Miami Beach Florida
,Casa do Páteo n,Casa do Infantado Setúbal Portugal
,Nambwa Tented Lodge,Zambezi Region Namibia
,Abeliona Retreat,Ampeliona Greece
,Samyama Meditation Center,Ubud Bali Indonesia
,Infinte Alignment Retreat Venues,Durango Colorado
,Domaine du Foulon,Gréolières Provence-Alpes-Côte d'Azur France
,Auksinė giria (Golden Forest),Dubingiai Utena County Lithuania
,Little Paradise,Hoisdorf Schleswig-Holstein Germany
,Just B - Mystery and Wisdom School,Tinamaste San José Costa Rica
,Lauren Ikeda,Torrance California
,Magnific Rock,Popoyo Rivas Department Nicaragua
,Jungle Camp,Cancún Quintana Roo Mexico
,Clarity Breathwork,El Sobrante California
,Beyond Boards,Cascais Lisboa Portugal
,French Riviera Yoga Retreats,Grimaud Provence-Alpes-Côte d'Azur France
,Ashok Tree,Paliapattu Tamil Nadu India
,Yoga & Retreats,Rishikesh Uttarakhand India
,Happyfish Bali,Bali Indonesia
,yoga retreat and fitness camp,Chamba Uttarakhand India
,Selva resort,Puntarenas Province Costa Rica
,Auroyoga International Academy,Naggar Himachal Pradesh India
,Rua Retreat,Tamarin Rivière Noire District Mauritius
,Huamanwasi Ashram,Tarapoto San Martin Peru
,Herdade do Barrocal de Baixo,Évora District Portugal
,Imiloa Institute Costa Rica,Savegre Provincia de Puntarenas Costa Rica
,shekinah Yoga Retreat,Glastonbury England United Kingdom
,yoga retreat and fitness camp,Chamba Uttarakhand India
,Desert Reset,Joshua Tree California
,Yogahouse,Vela Luka Dubrovačko-neretvanska županija Croatia
,Lokita's Sanctuary,Santa Fe Puntarenas Province Costa Rica
,Eat.Play.Love Retreats,Ericeira Lisbon Portugal
,Petra & Fos Boutique Hotel & Spa,Oitylo Greece
,Toutvent Manoir,Nabinaud Nouvelle-Aquitaine France
,Lotus Retreats,Guatemala
,Himalayan Vinyasa Yoga School,Rishikesh Uttarakhand India
,Haritha Ayurveda Academy and Panchkarma Center Rishikesh,Rishikesh Uttarakhand India
,CH'AYA SPIRIT RETREAT & HEALING CENTER,Ocongate District Cusco Peru
,Blooming Lotus Yoga,Ubud Indonesia
,EnergiZen,Montreal Quebec
,Yoga & Adventures Worldwide,Tulum Quintana Roo Mexico
,Rishikesh Yoga Study Center,Rishikesh Uttarakhand India
,,
,Copal Retreat,Paamul Quintana Roo Mexico
,Women Being Fit,Kealakekua Hawaii
,yoga retreat and fitness camp,Chamba Uttarakhand India
,"Diafanum | Sierra de Gredos, España",Santa Cruz del Valle Castilla y León Spain
,Yoga Lola Studios,League City Texas
,Ringing Cedars River Sanctuary,Alberta Canada
,Gea Viva - Eco Island Retreat,Milna Split-Dalmatia County Croatia
,Tavoos Garden & Wellness Center,Krong Siem Reap Siem Reap Province Cambodia
,Mend,Marina del Rey California
,Akshi Yogashala - Yoga Teacher Training in India,Rishikesh Uttarakhand India
,Osheanic International,Ceará Brazil
,Universal Meditation Center,Cliffside Park New Jersey
,Parahita Yoga Bali,Jawa Barat Indonesia
,Equation Training,La Zubia Andalucía Spain
,EarthMind Wellness Center at Honor's Haven Resort & Spa,Ellenville New York
,Jamu Surf Lodge,Kadebeddagama Gurubebila Sri Lanka
,Supparetreat,Kuala Lumpur Federal Territory of Kuala Lumpur Malaysia
,Pali Retreat and Conference Center,Running Springs California
,Holigral Venues,Tepoztlán Morelos Mexico
,BlackLlama Enchantivists,Vancouver British Columbia
,THE HEALING POWER OF CHAMPAGNE,Los Angeles California
,DMT.VISION,Tingo María Huanuco Peru
,Kingdom Fight Gym,Krong Siem Reap Siem Reap Province Cambodia
,Yogafriends Fuerteventura,Lajares Canarias Spain
,Idam Yoga,Rishikesh Uttarakhand India
,EKA BHUMI YOGA - KOH CHANG THAILAND,เกาะช้างใต้ Trat Thailand
,The Oasis Retreat,Naalehu Hawaii
,Elephant Pass Ayurveda and Yoga Retreat,Kodanadu Kerala India
,Hoa Hele Retreats,Honolulu Hawaii
,"Farm house "" Agriturismo IPoderi """,Montepulciano Tuscany Italy
,Susan Anthony,Draycott England United Kingdom
,,
,The Ayaruna Center,Pisac Cusco Peru
,Tenuta Pilastru Country Resort,Arzachena Sardegna Italy
,Philadelphia and New York Rebirthing Center,Philadelphia Pennsylvania
,Good Life Institute,Southern Province Sri Lanka
,My Island Retreats,Balearic Islands Spain
,Oakwood Center,Selma Indiana
,Stones Guiding Expeditions,Pucallpa Ucayali Peru
,Casa Antorcha,Puerto Viejo de Talamanca Limón Province Costa Rica
,Florida Oasis Retreat Sanctuary,Davenport Florida
,Himalayan Yoga Association,Rishikesh Uttarakhand India
,YOGANANDHAM-A School of Yoga Learning,Rishikesh Uttarakhand India
,The Spring Resort and Spa,Desert Hot Springs California
,Destiny Destinations Luxury Retreats,Beverly Hills California
,The Himalayan Yoga Retreat,Ghugtyani Malli Uttarakhand India
,Reminiscence Ayurveda Yoga Retreat,Kerala India
,Yash Yoga School,Rishikesh Uttarakhand India
,Orizon Center for Life and Creation,Greece
,Present Moment Retreat,Isidoro Guerrero Mexico
,"Planet Greece Luxury Retreat ,Fitness, Aerial, Yoga, Pilates, Hiking, Detox, Tours.",Greece
,Merav Artzi,Cusco Peru
,Upendo Zanzibar Retreat,Tanzania
,Inspired Retreats,Punta de Mita Nayarit Mexico
,yogamaithri,Kochi Kerala India
,Cranaleith Spiritual Center,Philadelphia Pennsylvania
,,
,Drishti Yoga International,Vasco da Gama Goa India
,Nomad Deluxe,Playa del Carmen Quintana Roo Mexico
,Design Your Mind Retreats,Pomos Paphos Cyprus
,Arogya yogaschool,Rishikesh Uttarakhand India
,Agriturismo Mezzano Chianti,Strada In Chianti Toscana Italy
,"Mandala Village, Bali",Kuta Selatan Bali Indonesia
,Cedar Healing Arts Retreat Center,Gravenhurst Ontario
,Suryamuni Healing Center,Ko Samui Surat Thani Thailand
,Multi Style Yoga School,Rishikesh Uttarakhand India
,Casa do Monte Douro,Mesão Frio Vila Real District Portugal
,Rishikesh Yoga Retreats- Yoga and Meditation Retreats in Rishikesh India,Rishikesh Uttarakhand India
,Retreats Aiti,Candelaria Canarias Spain
,Himalayan Holistic Yoga School,Rishikesh Uttarakhand India
,Kaya Yoga Teacher Training School,دبي United Arab Emirates
,Temecula Relaxation Retreat,Temecula California
,Marosa Ayahuasca Center,Iquitos Loreto Peru
,Mahi Yoga School Goa,Arambol Goa India
,Healing House Cusco,Cusco Cusco Peru
,"Element, Ubud",Western Australia Australia
,Vedarjana School of Ayurveda,Rishikesh Uttarakhand India
,Secret Garden Retreats,Genalguacil Andalucía Spain
,YOGANANDHAM-A School of Yoga Learning,Rishikesh Uttarakhand India
,Conscious Earth Healing Retreats,Silves Faro District Portugal
,Grand Hotel Sveti Vlas,Sveti Vlas Bulgaria
,Vedanta Spiritual & Holistic Retreat,Georgia United States
,Zen Wellness Centre,Bragg Creek Alberta
,Cabinas Mi Mama,San Pablo Provincia de Guanacaste Costa Rica
,Odyssey Retreats,Bali Indonesia
,Hotel El Ganzo,San José del Cabo Baja California Sur Mexico
,Spiritual Dimensions,Iquitos Loreto Peru
,Guardian Retreats,Cusco Peru
,Gecko Villa Farm Stay in Rural Thailand,Udon Thani อุดรธานี Thailand
,Cabeço Alto - Madeira Island Retreat,Madeira Portugal
,Bebek Tepi Sawah Villa,Bali Indonesia
,Manantiales de Campo,San Rafael Antioquia Colombia
,Luna Lodge,Puntarenas Province Costa Rica
,YOUness Clinic & Retreats,Stănești Județul Dâmbovița Romania
,Magic Forest Montseny,Catalonia Spain
,,
,The Beehive School,Alicante Valencian Community Spain
,Vimoksha Yoga 200 & 300 hrs YTTC - ( Goa -INDIA) Yoga Alliance US/UK,Sernabatim Goa India
,La Borde Blanque,Montbel Occitanie France
,Yoga Teacher Training India Goa Rishikesh Dharamsala,Goa India
,Iliohoos,Argalasti Greece
,The Avatar Centre,
,Thabarwa Center USA,Lake Elsinore California
,Costa Rica Retreat @ Ser La Luz,Alajuela Province Costa Rica
,Emilie Mangoni YOGA,Funchal Madeira Portugal
,Tuscan Fitness,Tuscany Italy
,The Dragonfly Village,Ubud Bali Indonesia
,Doa Retreat in Colombia,Guatapé Antioquia Colombia
,Wild Child Village,Ayampe Manabí Ecuador
,Yoga Mandala Sacred Valley,Cusco Cusco Peru
,Peru Shamans,Cusco Cusco Peru
,Lolia Eco Village & Event Center,Pāhoa Hawaii
,Yogshala Yoga School,Rishikesh Uttarakhand India
,The Serai,Essaouira Marrakesh-Safi Morocco
,Simple Serenity,Bend Oregon
,Banyan Tree Yoga,Goa India
,Reconnect to Self,Atlanta Georgia
,Plataran Canggu Bali Resort & Spa,Bali Indonesia
,Raghu Retreat - Kanatal Camp,Dhanolti Lagga Goth Uttarakhand India
,Shishya Yoga,Gokarna Karnataka India
,New Roots Ibogaine Center,Tijuana Baja California Mexico
,Ekkorelax,Bétera Valencian Community Spain
,Vikara Retreats,Olon Provincia de Santa Elena Ecuador
,Casa Luna Retiros,Tepetlixpa State of Mexico Mexico
,Cerro Verde Retreats Sedona,Sedona Arizona
,Rios Tropicales Lodge,Costa Rica
,Ecolodge Camp,Kumta Karnataka India
,Terra Brasilis Retreats,State of São Paulo Brazil
,Ayahuasca Oasis Healing Center,Loreto Peru
,Western Spirit Enrichment Center,Sedona Arizona
,Wild View Retreat Algarve Portugal,Corgas Bravas Portugal
,Mas de Flory,Dégagnac Occitanie France
,Givin School Latvia,Saulkrasti Latvia
,Hollyhock Leadership Centre,Mansons Landing British Columbia
,Relaxscape,Ferreira do Zêzere Santarém Portugal
,SHANTI SOM WELLBEING RETREAT,Monda Andalucía Spain
,Yoga Sailing Retreat Croatia 2019,Medulin Istarska županija Croatia
,,
,PD Escape,Bali Indonesia
,One Yoga Global,Texas United States
,Alma Healing Center,Banos Tungurahua Ecuador
,The house of Light,Dahab South Sinai Governorate Egypt
,ME Yoga Villa,Weligama Southern Province Sri Lanka
,AYM Yoga School Goa,Arambol Goa India
,Ubud yoga centre,Bali Indonesia
,Sagrada Wellness,Santa Margarita California
,Sharada Yog Peeth,Rishikesh Uttarakhand India
,AYA Healing Retreats,Pucallpa Ucayali Peru
,MARK DESIGN,New Delhi Delhi India
,"Earth Magic, Spirit Medicine Pilgrimages",Pisac Cusco Peru
,Nada Yoga School,Rishikesh Uttarakhand India
,The Marsh Commons Co-Housing Community,Arcata California
,Soul Safari Holistic Retreats,Hoedspruit Limpopo South Africa
,Contemplative Studies Program,New York New York
,Noosfera Wellness & Retreat Center,Nees Vrisoules Greece
,Seven Springs Holistic Retreat Center,Maryville Tennessee
,Nature Lovers Retreat,Okeechobee Florida
,YO1 Wellness Center - India's Holistic Wellness Program,Monticello New York
,SACRUNA,Barcelona Catalonia Spain
,Safari Surf School,Nosara Guanacaste Province Costa Rica
,Retiro Sambana,Spain
,Mahi Yoga School Dharamshala,Dharamshala Himachal Pradesh India
,Ivy Bluffs Retreat,Marshall North Carolina
,Château des Mussets,Magnet Auvergne-Rhône-Alpes France
,Amapachamama Foundation,Volterra Tuscany Italy
,Nūma Somatics,Calgary Alberta
,The Healing Barn,Santa Fe New Mexico
,LUXYOGA,France
,Shanti Agung,Bali Indonesia
,Origin Yoga & Wellness,New Taipei City Taiwan
,Maui Eco Retreat Center,United States
,Book Yoga Teacher Training in Rishikesh,Pocahontas Tennessee
,Les Domain des Deux Eaux,Bruges-Capbis-Mifaget Nouvelle-Aquitaine France
,Hotel Korinjak,Veli Iž Zadarska županija Croatia
,Original Routes,British Columbia Canada
,House of Nature,Abu Dhabi Abu Dhabi United Arab Emirates
,Yoga Teacher Training School in Thailand,Phuket Thailand
,,
,Banjaara Yoga and Ayurveda School,Goa India
,Exotic Yoga Retreats,Sonoma California
,Sewall House Yoga Retreat Maine USA MAY to OCT,Island Falls Maine
,One Stop Bali,Bali Indonesia
,Iboga Wellness Center,Guanacaste Province Costa Rica
,Sacred Silence - Lake Titicaca Retreat,Puno Peru
,Rishikesh Yoga Association,Rishikesh Uttarakhand India
,Hawaiian Sanctuary Retreat Center,Pāhoa Hawaii
,Mandala Eco Villas,La Libertad La Libertad Department El Salvador
,Samyak Yoga,Mysuru Karnataka India
,Breathing Journeys - Rebirthing Breathwork in Scotland,Crieff Scotland United Kingdom
,Ebbio Retreat Center,Tuscany Italy
,Atmanandam,Kerala India
,Villa Supersoul,Split-Dalmatia County Croatia
,Ayahuasca Ayayni,County Westmeath Ireland
,Sapan Inka Retreat Center,Urubamba Cusco Peru
,Wild:ness,United Kingdom
,Earthrise Retreat Center,Petaluma California
,Theta Healing Retreat in Costa Rica,Puerto Viejo de Talamanca Limón Province Costa Rica
,AFK Fitness,Malahide County Dublin Ireland
,Great Vow Zen Monastery,Clatskanie Oregon
,Red Eagle Ranch,United States
,Shodana at Natura Cabana Hotel Boutique and SPA,Viña del Mar Región de Valparaíso Chile
,Ayurveda Sadan,Rishikesh Uttarakhand India
,Creacon Wellness Retreat,New Ross County Wexford Ireland
,Love and Nature Healing Retreat,Torano Nuovo Abruzzo Italy
,Kerpiç Evler,Fethiye Muğla Province Turkey
,Discovery Yoga,St. Augustine Florida
,Myland Nature Otel,Çıralı Antalya Turkey
,Minuvida Azores,Azores Portugal
,Ashtak Yoga School,Goa India
,Felicianas Resort Bali,Bali Indonesia
,"Veda5 Ayurveda & Yoga Retreat, Rishikesh",Rishikesh Uttarakhand India
,Rishis International Eco Luxury Stay and Retreats,Rishikesh Uttarakhand India
,arulgurukulam,Tamil Nadu India
,Suarapura,Bali Indonesia
,PANTHERA,Guasca Cundinamarca Colombia
,Sarvodaya yoga school,Rishikesh Uttarakhand India
,Maitri Yoga and Meditation,Crescent Valley British Columbia
,Iguana Lodge Beach Resort and Spa,Puerto Jiménez Provincia de Puntarenas Costa Rica
,Yoga Maya,Puerto Jiménez Puntarenas Province Costa Rica
,Live Better,Chicago Illinois
,Etosha Village,Namibia
,Casa la Concha,Marbella Andalucía Spain
,Angel Nest Retreat,Palaiochora Greece
,DoYogaWithMe,Chacala Nayarit Mexico
,Apotheosis by HighExistence,Costa Rica
,IndianYoga.School,India
,,
,Guinevere Guest Farm,Tulbagh Western Cape South Africa
,RELAX BEACH VILLAGE HEALING HOLIDAYS,Baan Tai Surat Thani Thailand
,Wisdom Rock Foundation,Staunton Virginia
,Vermont Farmhouse with Yoga Barn,Stowe Vermont
,Hearth & Soul Eco Retreat,Overberg Dc Western Cape South Africa
,Star Arts Retreat,Rye New Hampshire
,THE INTUITIVE Room INTUITIVE YOGA BALI RETREAT,Caringbah New South Wales Australia
,New Life Iboga - Ayahuasca and Iboga Retreats,San Ramon Alajuela Province Costa Rica
,Escape Ritual,Bali Indonesia
,Bali Detox Retreat at Gaia Retreat Center - Ubud - Bali,Bali Indonesia
,FOOTSTEPS ECO ADVENTURES,Nelson British Columbia
,,
,Soul Trips,Mexico
,Private Beach Estate,Bali Indonesia
,Ceylon Yoga,"Bentota, Sri Lanka Sri Lanka"
,Seven Circles Retreat Center,Badger California
,Heal Through Yoga,Sydney New South Wales Australia
,Nyingma Institute,Berkeley California
,Angel Farms Cleansing and Rejuvenation Center-Hilo side Big Island of Hawaii Watch for new schedule coming soon!,Pepeekeo Hawaii
,Nazareth Retreat Center,Bardstown Kentucky
,Ravinder Yoga School,Rishikesh Uttarakhand India
,My Mind and Body Care wellness center,Cyprus
,Navutu Dreams Resort & Wellness Retreat,Krong Siem Reap Siem Reap Province Cambodia
,Sungate Journeys,Cairo Cairo Governorate Egypt
,Gyan ganga Yogpeeth,Rishikesh Uttarakhand India
,Magic of Love,Red Sea Governorate Egypt
,Westchester Buddhist Center,Irvington New York
,Ocean View Retreat,Surat Thani Thailand
,Yoga Teachers Training India,Rishikesh Uttarakhand India
,Casas De Alisne,Almodóvar del Río Andalusia Spain
,Heroic Hearts Project,Peru
,Yoga Teacher Training in Rishikesh - Rishikesh Yoga Retreats,Rishikesh Uttarakhand India
,The WAY Inn - Holistic Healing Centre -,Huaraz Ancash Peru
,BlueMorphoFly,Italy
,B&B at the Castle Spending time with the saints,Alberta Canada
,Jungle Lodge,State of Rio de Janeiro Brazil
,Firefly resort bali,Bali Indonesia
,Heceta Beach Cottage Retreat,Florence Oregon
,Hosteria Izhcayluma,Vilcabamba Loja Ecuador
,Suryacitta Suryacitta,Leicester England United Kingdom
,Ayaymama Mystic,Iquitos Loreto Peru
,"Big Island, HI – Kailua-Kona",Kailua-Kona Hawaii
,The Buena Vida Psilocybin Retreats,Paamul Quintana Roo Mexico
,Hotel Nibaru ****,Cala di Volpe Sardegna Italy
,Inspired Artisan Market & Studio,Estes Park Colorado
,Casa Mango,Satellite Beach Florida
,Aldea Puy de Cinca,Púy De Cinca Aragón Spain
,Serenity Residence Yoga,Surat Thani Thailand
,Grant Park Meditation & Contemplative Arts Center,Atlanta Georgia
,The Devotional School of Yoga,Tucson Arizona
,Institute for Meditation,Amsterdam North Holland Netherlands
,"Bulandpuri Spiritual-Light-House. Punjab, India",Nakodar Punjab India
,The Mill Retreat Centre,Aumale Upper Normandy France
,Vrinda School of yoga,Varkala Kerala India
,Nepal Yoga School,Pokhara Western Development Region Nepal
,,
,Punta el Custodio,Nayarit Mexico
,Abhinam Yoga Teacher Training Center in Dharamsala,Dharamshala Himachal Pradesh India
,Omkarah Yoga Mandiram,Rishikesh Uttarakhand India
,Quinta Cabeco da Moita,Nazaré Leiria District Portugal
,Bali Energy Transmission Training,Bali Indonesia
,Omkarah Yoga Mandiram,Rishikesh Uttarakhand India
,Open Lotus yoga Tour,Bashisht Himachal Pradesh India
,NoyaNete - Jakon Rate Center for Shipibo-Konibo Studies,Ucayali Peru
,APL SHAMANIC JOURNEYS,Andalusia Spain
,Xinalani Retreat,Puerto Vallarta Jalisco Mexico
,"The Sea Goddesses Program, Bruncin. d.o.o.",Croatia
,Raw Essence Retreat,Surat Thani Thailand
,Sagrada Yoga Retreats Iceland,Iceland
,6 Days Alila Signature Yoga Retreat in Bali,Bali Indonesia
,Winter Park Lakefront Sanctuary,Winter Park Florida
,Prakash Deep institute of Ayurveda and Yogic Sciences,Rishikesh Uttarakhand India
,Luminosity Healing Arts,
,World Yoga Association,Subang Jaya Selangor Malaysia
,Perun Wasi,Pisac Cusco Peru
,,
,PODERE DI MAGGIO,Santa Fiora Toscana Italy
,https://www.200houryogateachertrainingschool.in/,Dehradun Uttarakhand India
,Silent Retreat Center in Assisi,Assisi Umbria Italy
,"Caya Shobo, Ayahuasca Healing Centre, Iquitos, Peru",Iquitos Loreto Peru
,Prana Veda Bali Sanctuary,Bali Indonesia
,Therapeutic Sitting Service,Rotterdam South Holland Netherlands
,3 Days of Yoga. Mindfulness and Self-Development in Italy best spiritual resort,Berlin Berlin Germany
,Suryacitta Suryacitta,Leicester England United Kingdom
,Yoga Teacher Training School in India |Om Yoga Rishikesh,Rishikesh Uttarakhand India
,Aadi Yoga School Rishikesh India,Rishikesh Uttarakhand India
,The Yogahouse koh phangan,Surat Thani Thailand
,Fusion Maia Phu Quoc,Phu Quoc Kien Giang Vietnam
,Strathean Retreat,Otaki Wellington New Zealand
,Costa Rica Fitness Retreats,Tamarindo Guanacaste Province Costa Rica
,Brahma Nada Yoga School,Rishikesh Uttarakhand India
,Kalyn Staton,Saint Petersburg Florida
,AtelTrainer's Transcendental Spiritual Healing Center,Hortunas Valencian Community Spain
,Spirit Yoga,Udaipur Rajasthan India
,Himalayan Yoga Association,Rishikesh Uttarakhand India
,Estudio Casa del Sol,Montañita Ecuador
,La Casa Pachamama,Iquitos Loreto Peru
,Abhinam Yoga Teacher Training Center in Dharamsala,Dharamshala Himachal Pradesh India
,Energia Yoga Studio,Tampa Florida
,FUARAN TOBERMORY,Isle of Mull Scotland United Kingdom
,Tai Chi House - Tai Chi Vacations in Costa Rica,Pavones Provincia de Puntarenas Costa Rica
,The Lazy Dog Inn,Huaraz Ancash Peru
,Hari-Om Yoga School(Cascina Bellaria),Sanctuary Texas
,Little Sparrow Spa and Wellness Retreat,Gibsons British Columbia
,rishi yogpeeth Yoga Teacher training centre in rishikesh india,Rishikesh Uttarakhand India
,Willka T'ika,Cusco Peru
,Mantra Yoga & Meditation School,Goa India
,Smoothie Detox Retreat in Switzerland,Göschenen Canton of Uri Switzerland
,Fragrant Nature Backwater Resort & Ayurveda Spa,Kollam Kerala India
,Eden Experiences,Golden Colorado
,Ayakasha,Hilversum North Holland Netherlands
,Ankh Holistic Yoga,Bowie Maryland
,Yoga School in Bali,Bali Indonesia
,Starlim India - Rishikesh,Rishikesh Uttarakhand India
,Kunwar Yoga,Dehradun Uttarakhand India
,Pathways Country Yoga Retreat,KwaZulu-Natal South Africa
,Tauhara Retreat & Conference Centre,Taupo Waikato New Zealand
,Namaste Healing & Wellness,Evergreen Colorado
,Rimske Terme,Rimske Toplice Laško Slovenia
,Nirvana Yogasthal The Yoga School,Rishikesh Uttarakhand India
,Bali Weight Loss Retreat & Detox-Spa Resort,Bali Indonesia
,New Moon Psychedelic Retreats,Creil Flevoland Netherlands
,Sri Yoga Ashram,Rishikesh Uttarakhand India
,Cobblestone farm retreat,Cobourg Ontario
,,
,Villa Gella,Smoljan Bulgaria
,Fernwood Yoga Den,Victoria British Columbia
,Kootenay EcoRetreat Centre,Slocan British Columbia
,triyoga camden,London England United Kingdom
,Bend it Like Buddha Yoga,Portugal
,A Luminary Life,Thành phố Hội An Quảng Nam Vietnam
,Ayahuasca Spirit Healing Center,Pucallpa Ucayali Peru
,"Retreat Center, Leh India",Leh Ladakh Jammu and Kashmir India
,Meghdhara govardhan resort,Dwarka Gujarat India
,Alakh Yog School in Rishikesh,Rishikesh Uttarakhand India
,Sun Salute Yoga Studio,Torre De La Horadada Valencian Community Spain
,Aithein Ayurveda Massage School,Agonda Goa India
,Origins Centre,Balingup Western Australia Australia
,Mar de Jade Resort,Chacala Nayarit Mexico
,"Aldea Yanapay - Lamay, Sacred Valley, Peru",Cusco Peru
,MonteSueños,Vilcabamba Loja Ecuador
,Villa Saracena,
,Rock Island Lodge,Wawa Ontario
,Zen Community of Oregon,Clatskanie Oregon
,The Peaceful Valley,Santiago Atitlán Sololá Department Guatemala
,Tides Right,Quepos Provincia de Puntarenas Costa Rica
,Emmas Dale,Leyburn England United Kingdom
,Mindfulness of Nature,Austria
,Yoga Getaways at Utopia Farmstay,Nashik Maharashtra India
,Healing Meditation Centre Rishikesh,Rishikesh Uttarakhand India
,WOODLAND HEALTH RETREATH,Leiria Leiria Portugal
,Fungi Academy,San Marcos La Laguna Sololá Department Guatemala
,Wonderwell Mountain Refuge,Grantham New Hampshire
,Samata Holistic Retreat Center,Goa India
,Shanti Kutir Yog Shala,Nagrota Bagwan Himachal Pradesh India
,Vitality Concept,Nice Provence-Alpes-Côte d'Azur France
,,
,TourGenie,Gangtok Sikkim India
,Anahata Wellness Retreat,Kilauea Hawaii
,Quinta da Flores,Leiria District Portugal
,Almyra Hotel,Paphos Paphos Cyprus
,Ekam Yogashala,Rishikesh Uttarakhand India
,Case Don Ignazio,Noto Sicilia Italy
,ESC Retreat Los Angeles,Los Angeles California
,Mahagedara Wellness Retreat,Sigiriya Central Province Sri Lanka
,Mystica Lodge & Retreats,Costa Rica
,Blue Indigo Yoga Cottages,Krong Siem Reap Siem Reap Province Cambodia
,Rip Jack Inn,Guanacaste Province Costa Rica
,Cal Reiet Holistic Retreat,Santanyí Illes Balears Spain
,Rayos del Sol,San Juanillo Guanacaste Province Costa Rica
,Yoga Begins,Fullarton South Australia Australia
,Jiva Yoga Academy,Rishikesh Uttarakhand India
,Tambo Ilusion,Tarapoto San Martin Peru
,Blue Garden Yoga and Thai Massage Chiang Mai,Chiang Mai Chiang Mai Thailand
,Mountain Wellness Playground,California United States
,Ashtanga Vinyasa Yoga Teacher Training Goa -Mantra Yoga,Goa India
,Yoga Dom Na Gore,Phan Thiet Bình Thuận Province Vietnam
,Simrose,Agonda Goa India
,Various Guesthouses and Inns in Kathmandu Valley,Mahalaxmi Central Development Region Nepal
,Hatun Kuntur,Palma Balearic Islands Spain
,Yoga Retreat,Nymboida New South Wales Australia
,HQ Raleigh Events,Raleigh North Carolina
